time,gFx,gFy,gFz,ax,ay,az,wx,wy,wz,P
0.004,-0.07,1.01,-0.05,-0.01,0.03,-0.04,-0.02,0.09,-0.01,1012.82
0.005,-0.05,1.01,-0.01,-0.01,0.03,-0.04,-0.02,0.09,-0.01,1012.82
0.006,-0.05,1.01,-0.01,-0.01,0.03,-0.04,-0.03,-0.05,0.01,1012.82
0.014,-0.05,1.01,-0.01,-0.45,0.19,-0.14,-0.03,-0.05,0.01,1012.82
0.049,-0.05,1.01,-0.01,-0.44,0.19,-0.14,-0.03,-0.05,0.01,1012.82
0.05,-0.05,1.01,-0.01,-0.44,0.19,-0.14,-0.00,0.03,-0.01,1012.82
0.051,-0.05,1.01,-0.01,-0.44,0.19,-0.14,-0.00,0.03,-0.01,1012.83
0.063,-0.08,1.00,-0.05,-0.44,0.19,-0.14,-0.00,0.03,-0.01,1012.83
0.083,-0.08,1.00,-0.05,-0.44,0.19,-0.14,-0.00,-0.02,0.02,1012.83
0.084,-0.08,1.00,-0.05,-0.18,0.06,0.37,-0.00,-0.02,0.02,1012.83
0.111,-0.08,1.00,-0.05,-0.18,0.06,0.37,-0.00,-0.02,0.02,1012.83
0.127,-0.03,1.02,-0.06,-0.18,0.06,0.37,-0.00,-0.02,0.02,1012.83
0.129,-0.03,1.02,-0.06,-0.18,0.06,0.37,-0.05,-0.04,-0.00,1012.83
0.13,-0.03,1.02,-0.06,-0.16,0.13,-0.30,-0.05,-0.04,-0.00,1012.83
0.165,-0.03,1.02,-0.06,-0.14,0.13,-0.32,-0.05,-0.04,-0.00,1012.83
0.167,-0.03,1.02,-0.06,-0.14,0.13,-0.32,-0.08,-0.01,-0.05,1012.83
0.17,-0.03,1.02,-0.06,-0.14,0.13,-0.32,-0.08,-0.01,-0.05,1012.83
0.18,-0.06,0.99,-0.01,-0.14,0.13,-0.32,-0.08,-0.01,-0.05,1012.83
0.207,-0.06,0.99,-0.01,-0.02,0.11,-0.11,-0.08,-0.01,-0.05,1012.83
0.211,-0.06,0.99,-0.01,-0.02,0.11,-0.11,-0.06,-0.02,-0.08,1012.83
0.249,-0.06,0.99,-0.01,-0.02,0.11,-0.11,-0.06,-0.02,-0.08,1012.82
0.25,-0.06,0.99,-0.03,-0.02,0.11,-0.11,-0.06,-0.02,-0.08,1012.82
0.251,-0.06,0.99,-0.03,-0.02,0.11,-0.11,-0.03,0.06,-0.08,1012.82
0.251,-0.06,0.99,-0.03,-0.13,-0.06,0.28,-0.03,0.06,-0.08,1012.82
0.289,-0.06,0.99,-0.03,-0.13,-0.06,0.28,-0.03,0.06,-0.02,1012.82
0.29,-0.06,0.99,-0.03,-0.12,-0.06,0.27,-0.03,0.06,-0.02,1012.82
0.291,-0.06,0.99,-0.03,-0.12,-0.06,0.27,-0.03,0.06,-0.02,1012.82
0.309,-0.09,1.00,-0.02,-0.12,-0.06,0.27,-0.03,0.06,-0.02,1012.82
0.321,-0.09,1.00,-0.02,-0.12,-0.06,0.27,-0.05,-0.06,0.03,1012.82
0.322,-0.09,1.00,-0.02,-0.31,-0.01,-0.06,-0.05,-0.06,0.03,1012.82
0.361,-0.09,1.00,-0.02,-0.31,-0.01,-0.06,-0.05,-0.06,0.03,1012.82
0.363,-0.08,0.99,-0.01,-0.31,-0.01,-0.06,-0.05,-0.06,0.03,1012.82
0.365,-0.08,0.99,-0.01,-0.31,-0.01,-0.06,-0.04,-0.10,0.03,1012.82
0.366,-0.08,0.99,-0.01,-0.32,0.01,0.11,-0.04,-0.10,0.03,1012.82
0.407,-0.08,0.99,-0.01,-0.32,0.01,0.11,-0.04,0.04,0.04,1012.82
0.408,-0.08,0.99,-0.01,-0.33,0.01,0.09,-0.04,0.04,0.04,1012.82
0.409,-0.08,0.99,-0.01,-0.33,0.01,0.09,-0.04,0.04,0.04,1012.82
0.419,-0.08,0.95,0.00,-0.33,0.01,0.09,-0.04,0.04,0.04,1012.82
0.452,-0.08,0.95,0.00,-0.34,-0.09,0.24,-0.04,0.04,0.04,1012.82
0.453,-0.08,0.95,0.00,-0.34,-0.09,0.24,-0.00,0.46,0.18,1012.82
0.481,-0.08,0.95,0.00,-0.34,-0.09,0.24,-0.00,0.46,0.18,1012.82
0.482,-0.08,0.95,0.00,-0.42,-0.21,0.11,-0.00,0.46,0.18,1012.82
0.483,-0.11,1.06,-0.05,-0.42,-0.21,0.11,-0.00,0.46,0.18,1012.82
0.484,-0.11,1.06,-0.05,-0.42,-0.21,0.11,-0.02,0.52,0.26,1012.82
0.533,-0.11,1.06,-0.05,-0.42,-0.21,0.11,-0.08,0.06,0.24,1012.82
0.536,-0.11,1.06,-0.05,-0.51,-0.21,0.08,-0.08,0.06,0.24,1012.82
0.538,-0.11,1.06,-0.05,-0.51,-0.21,0.08,-0.08,0.06,0.24,1012.81
0.539,-0.06,0.98,0.04,-0.51,-0.21,0.08,-0.08,0.06,0.24,1012.81
0.571,-0.06,0.98,0.04,-0.51,-0.21,0.08,0.03,0.39,0.34,1012.81
0.573,-0.06,0.98,0.04,-1.39,0.45,0.02,0.03,0.39,0.34,1012.81
0.591,-0.06,0.98,0.04,-1.39,0.45,0.02,0.03,0.39,0.34,1012.82
0.604,-0.15,1.01,-0.02,-1.39,0.45,0.02,0.03,0.39,0.34,1012.82
0.608,-0.15,1.01,-0.02,-1.39,0.45,0.02,0.02,0.16,0.44,1012.82
0.609,-0.15,1.01,-0.02,-1.05,0.02,0.25,0.02,0.16,0.44,1012.82
0.642,-0.15,1.01,-0.02,-1.05,0.02,0.25,0.02,-0.21,0.55,1012.82
0.644,-0.15,1.01,-0.02,-1.24,0.02,0.26,0.02,-0.21,0.55,1012.82
0.65,-0.15,1.01,-0.02,-1.24,0.02,0.26,0.02,-0.21,0.55,1012.83
0.657,-0.03,0.99,-0.03,-1.24,0.02,0.26,0.02,-0.21,0.55,1012.83
0.676,-0.03,0.99,-0.03,-1.24,0.02,0.26,0.06,-0.05,0.60,1012.83
0.678,-0.03,0.99,-0.03,-0.88,-0.06,0.27,0.06,-0.05,0.60,1012.83
0.708,-0.03,0.99,-0.03,-0.88,-0.06,0.27,0.06,-0.05,0.60,1012.83
0.724,-0.03,0.99,-0.03,-0.76,-0.08,-0.26,0.06,-0.05,0.60,1012.83
0.725,0.09,1.00,-0.03,-0.76,-0.08,-0.26,0.06,-0.05,0.60,1012.83
0.726,0.09,1.00,-0.03,-0.76,-0.08,-0.26,0.03,0.02,0.65,1012.83
0.757,0.09,1.00,-0.03,-0.76,-0.08,-0.26,0.02,0.15,0.59,1012.83
0.759,0.09,1.00,-0.03,-0.97,-0.06,-0.26,0.02,0.15,0.59,1012.83
0.769,0.09,1.00,-0.03,-0.97,-0.06,-0.26,0.02,0.15,0.59,1012.82
0.775,0.20,1.03,0.03,-0.97,-0.06,-0.26,0.02,0.15,0.59,1012.82
0.794,0.20,1.03,0.03,-0.97,-0.06,-0.26,0.07,0.09,0.42,1012.82
0.796,0.20,1.03,0.03,0.09,0.35,0.27,0.07,0.09,0.42,1012.82
0.828,0.20,1.03,0.03,0.09,0.35,0.27,0.07,0.09,0.42,1012.81
0.835,0.46,1.00,-0.03,0.09,0.35,0.27,0.07,0.09,0.42,1012.81
0.838,0.46,1.00,-0.03,0.09,0.35,0.27,0.13,-0.12,0.09,1012.81
0.839,0.46,1.00,-0.03,1.49,0.15,0.64,0.13,-0.12,0.09,1012.81
0.874,0.46,1.00,-0.03,1.49,0.15,0.64,0.25,-0.02,-0.40,1012.81
0.876,0.46,1.00,-0.03,1.62,0.13,0.73,0.25,-0.02,-0.40,1012.81
0.888,0.46,1.00,-0.03,1.62,0.13,0.73,0.25,-0.02,-0.40,1012.82
0.894,0.48,1.13,-0.03,1.62,0.13,0.73,0.25,-0.02,-0.40,1012.82
0.914,0.48,1.13,-0.03,1.62,0.13,0.73,0.63,0.36,-1.04,1012.82
0.916,0.48,1.13,-0.03,4.45,0.14,0.21,0.63,0.36,-1.04,1012.82
0.948,0.48,1.13,-0.03,4.45,0.14,0.21,0.63,0.36,-1.04,1012.81
0.954,0.79,1.55,-0.03,4.45,0.14,0.21,0.63,0.36,-1.04,1012.81
0.956,0.79,1.55,-0.03,4.45,0.14,0.21,1.09,0.50,-1.79,1012.81
0.958,0.79,1.55,-0.03,4.56,2.32,0.76,1.09,0.50,-1.79,1012.81
0.993,0.79,1.55,-0.03,4.56,2.32,0.76,1.53,1.47,-2.75,1012.81
0.998,0.79,1.55,-0.03,5.44,2.41,1.35,1.53,1.47,-2.75,1012.81
1.009,0.79,1.55,-0.03,5.44,2.41,1.35,1.53,1.47,-2.75,1012.79
1.018,0.12,1.46,-0.24,5.44,2.41,1.35,1.53,1.47,-2.75,1012.79
1.057,0.12,1.46,-0.24,5.44,2.41,1.35,1.52,0.72,-2.52,1012.79
1.062,0.12,1.46,-0.24,8.86,6.52,1.46,1.52,0.72,-2.52,1012.79
1.087,0.12,1.46,-0.24,8.86,6.52,1.46,1.52,0.72,-2.52,1012.78
1.09,0.21,1.29,-0.09,8.86,6.52,1.46,1.52,0.72,-2.52,1012.78
1.091,0.21,1.29,-0.09,8.86,6.52,1.46,1.07,-0.76,-1.54,1012.78
1.092,0.21,1.29,-0.09,2.13,4.16,0.29,1.07,-0.76,-1.54,1012.78
1.111,0.21,1.29,-0.09,2.13,4.16,0.29,0.72,0.12,-0.65,1012.78
1.112,0.21,1.29,-0.09,2.32,4.22,0.55,0.72,0.12,-0.65,1012.78
1.129,0.21,1.29,-0.09,2.32,4.22,0.55,0.72,0.12,-0.65,1012.78
1.132,0.09,0.90,-0.12,2.32,4.22,0.55,0.72,0.12,-0.65,1012.78
1.172,0.09,0.90,-0.12,2.32,4.22,0.55,0.35,1.62,0.20,1012.78
1.174,0.09,0.90,-0.12,4.65,1.94,2.51,0.35,1.62,0.20,1012.78
1.187,0.09,0.90,-0.12,4.65,1.94,2.51,0.35,1.62,0.20,1012.78
1.19,-0.15,0.55,-0.24,4.65,1.94,2.51,0.35,1.62,0.20,1012.78
1.192,-0.15,0.55,-0.24,4.65,1.94,2.51,-0.35,2.09,0.79,1012.78
1.193,-0.15,0.55,-0.24,1.34,-1.42,1.32,-0.35,2.09,0.79,1012.78
1.23,-0.15,0.55,-0.24,1.34,-1.42,1.32,-0.98,2.05,1.15,1012.78
1.232,-0.15,0.55,-0.24,0.66,-1.55,1.02,-0.98,2.05,1.15,1012.78
1.262,-0.15,0.55,-0.24,0.66,-1.55,1.02,-0.98,2.05,1.15,1012.77
1.263,-0.40,0.20,-0.29,0.66,-1.55,1.02,-0.98,2.05,1.15,1012.77
1.271,-0.40,0.20,-0.29,-2.04,-5.69,-0.32,-0.98,2.05,1.15,1012.77
1.274,-0.40,0.20,-0.29,-2.04,-5.69,-0.32,-1.34,1.65,1.25,1012.77
1.307,-0.40,0.20,-0.29,-2.04,-5.69,-0.32,-1.34,1.65,1.25,1012.78
1.311,-0.50,0.21,-0.37,-2.04,-5.69,-0.32,-1.34,1.65,1.25,1012.78
1.313,-0.50,0.21,-0.37,-2.04,-5.69,-0.32,-1.18,1.48,0.90,1012.78
1.314,-0.50,0.21,-0.37,-4.84,-8.13,-0.80,-1.18,1.48,0.90,1012.78
1.353,-0.50,0.21,-0.37,-4.84,-8.13,-0.80,-0.60,1.67,0.08,1012.78
1.354,-0.50,0.21,-0.37,-4.90,-8.03,-1.04,-0.60,1.67,0.08,1012.78
1.389,-0.50,0.21,-0.37,-4.90,-8.03,-1.04,-0.60,1.67,0.08,1012.78
1.392,-0.69,0.59,-1.20,-4.90,-8.03,-1.04,-0.60,1.67,0.08,1012.78
1.393,-0.69,0.59,-1.20,-5.25,-6.59,-2.79,-0.60,1.67,0.08,1012.78
1.394,-0.69,0.59,-1.20,-5.25,-6.59,-2.79,1.07,1.54,-1.11,1012.78
1.435,-0.14,1.58,-0.08,-5.25,-6.59,-2.79,1.07,1.54,-1.11,1012.78
1.442,-0.14,1.58,-0.08,-5.25,-6.59,-2.79,0.77,-0.87,-1.59,1012.78
1.444,-0.14,1.58,-0.08,-5.53,4.99,-6.85,0.77,-0.87,-1.59,1012.78
1.445,-0.14,1.58,-0.08,-5.53,4.99,-6.85,0.77,-0.87,-1.59,1012.79
1.466,-0.14,1.58,-0.08,-5.53,4.99,-6.85,0.45,0.98,-0.81,1012.79
1.467,-0.14,1.58,-0.08,-5.24,4.98,-6.54,0.45,0.98,-0.81,1012.79
1.486,-0.93,1.08,-0.49,-5.24,4.98,-6.54,0.45,0.98,-0.81,1012.79
1.488,-0.93,1.08,-0.49,-5.24,4.98,-6.54,0.45,0.98,-0.81,1012.79
1.506,-0.93,1.08,-0.49,-5.24,4.98,-6.54,0.52,0.63,-0.21,1012.79
1.51,-0.93,1.08,-0.49,-1.11,-3.12,0.52,0.52,0.63,-0.21,1012.79
1.556,-0.41,0.93,-0.49,-1.11,-3.12,0.52,0.52,0.63,-0.21,1012.79
1.56,-0.41,0.93,-0.49,-1.11,-3.12,0.52,0.17,-0.61,0.32,1012.79
1.562,-0.41,0.93,-0.49,-1.11,-3.12,0.52,0.17,-0.61,0.32,1012.79
1.564,-0.41,0.93,-0.49,-4.42,4.52,-1.89,0.17,-0.61,0.32,1012.79
1.592,-0.41,0.93,-0.49,-4.42,4.52,-1.89,-0.14,-0.35,0.78,1012.79
1.594,-0.41,0.93,-0.49,-4.59,4.40,-1.92,-0.14,-0.35,0.78,1012.79
1.605,-0.17,0.97,-0.48,-4.59,4.40,-1.92,-0.14,-0.35,0.78,1012.79
1.607,-0.17,0.97,-0.48,-4.59,4.40,-1.92,-0.14,-0.35,0.78,1012.81
1.627,-0.17,0.97,-0.48,-4.59,4.40,-1.92,-0.43,0.05,0.96,1012.81
1.629,-0.17,0.97,-0.48,-4.60,-0.38,-2.36,-0.43,0.05,0.96,1012.81
1.666,-0.03,0.91,-0.32,-4.60,-0.38,-2.36,-0.43,0.05,0.96,1012.81
1.67,-0.03,0.91,-0.32,-4.60,-0.38,-2.36,-0.62,-0.48,1.07,1012.81
1.671,-0.03,0.91,-0.32,-1.61,-0.09,-1.84,-0.62,-0.48,1.07,1012.81
1.673,-0.03,0.91,-0.32,-1.61,-0.09,-1.84,-0.62,-0.48,1.07,1012.83
1.705,-0.03,0.91,-0.32,-1.61,-0.09,-1.84,-0.59,-0.47,0.96,1012.83
1.708,-0.03,0.91,-0.32,-1.90,-0.16,-2.03,-0.59,-0.47,0.96,1012.83
1.725,0.20,0.87,-0.14,-1.90,-0.16,-2.03,-0.59,-0.47,0.96,1012.83
1.729,0.20,0.87,-0.14,-1.90,-0.16,-2.03,-0.59,-0.47,0.96,1012.81
1.758,0.20,0.87,-0.14,-1.90,-0.16,-2.03,-0.39,-0.19,0.71,1012.81
1.761,0.20,0.87,-0.14,1.01,-1.10,-0.16,-0.39,-0.19,0.71,1012.81
1.796,0.29,0.88,0.01,1.01,-1.10,-0.16,-0.39,-0.19,0.71,1012.81
1.798,0.29,0.88,0.01,1.01,-1.10,-0.16,-0.10,0.09,0.33,1012.81
1.798,0.29,0.88,0.01,1.82,-1.18,1.59,-0.10,0.09,0.33,1012.81
1.799,0.29,0.88,0.01,1.82,-1.18,1.59,-0.10,0.09,0.33,1012.79
1.827,0.29,0.88,0.01,1.82,-1.18,1.59,0.12,0.51,-0.15,1012.79
1.829,0.29,0.88,0.01,1.81,-1.15,1.60,0.12,0.51,-0.15,1012.79
1.843,0.20,1.03,-0.28,1.81,-1.15,1.60,0.12,0.51,-0.15,1012.79
1.845,0.20,1.03,-0.28,1.81,-1.15,1.60,0.12,0.51,-0.15,1012.78
1.862,0.20,1.03,-0.28,1.81,-1.15,1.60,0.12,0.03,-0.35,1012.78
1.862,0.20,1.03,-0.28,2.52,-0.40,1.60,0.12,0.03,-0.35,1012.78
1.901,0.06,1.26,-0.33,2.52,-0.40,1.60,0.12,0.03,-0.35,1012.78
1.903,0.06,1.26,-0.33,2.52,-0.40,1.60,0.01,-0.26,-0.39,1012.78
1.904,0.06,1.26,-0.33,1.94,1.35,-0.83,0.01,-0.26,-0.39,1012.78
1.904,0.06,1.26,-0.33,1.94,1.35,-0.83,0.01,-0.26,-0.39,1012.79
1.941,0.06,1.26,-0.33,1.94,1.35,-0.83,-0.15,-0.64,-0.26,1012.79
1.942,0.06,1.26,-0.33,2.06,1.32,-0.87,-0.15,-0.64,-0.26,1012.79
1.976,0.08,1.64,-0.02,2.06,1.32,-0.87,-0.15,-0.64,-0.26,1012.79
1.979,0.08,1.64,-0.02,2.06,1.32,-0.87,-0.15,-0.64,-0.26,1012.79
1.982,0.08,1.64,-0.02,2.06,1.32,-0.87,-0.31,-0.93,-0.23,1012.79
1.984,0.08,1.64,-0.02,-0.30,3.35,-0.91,-0.31,-0.93,-0.23,1012.79
2.042,1.01,1.40,0.29,-0.30,3.35,-0.91,-0.31,-0.93,-0.23,1012.79
2.046,1.01,1.40,0.29,-0.30,3.35,-0.91,-0.15,0.51,-1.13,1012.79
2.048,1.01,1.40,0.29,-0.30,3.35,-0.91,-0.15,0.51,-1.13,1012.79
2.049,1.01,1.40,0.29,4.62,6.37,3.53,-0.15,0.51,-1.13,1012.79
2.069,1.01,1.40,0.29,4.62,6.37,3.53,1.47,2.13,-3.20,1012.79
2.07,1.01,1.40,0.29,5.56,6.53,4.12,1.47,2.13,-3.20,1012.79
2.079,-0.66,2.05,-0.82,5.56,6.53,4.12,1.47,2.13,-3.20,1012.79
2.083,-0.66,2.05,-0.82,5.56,6.53,4.12,1.47,2.13,-3.20,1012.81
2.098,-0.66,2.05,-0.82,5.56,6.53,4.12,2.06,-0.67,-3.68,1012.81
2.1,-0.66,2.05,-0.82,9.85,6.55,2.60,2.06,-0.67,-3.68,1012.81
2.14,-0.66,2.05,-0.82,-3.38,9.88,-4.23,2.06,-0.67,-3.68,1012.81
2.143,-0.10,1.47,-0.45,-3.38,9.88,-4.23,2.06,-0.67,-3.68,1012.81
2.145,-0.10,1.47,-0.45,-3.38,9.88,-4.23,1.32,-3.78,-2.74,1012.81
2.147,-0.10,1.47,-0.45,-3.38,9.88,-4.23,1.32,-3.78,-2.74,1012.80
2.179,-0.10,1.47,-0.45,-3.38,9.88,-4.23,0.91,-1.95,-2.51,1012.80
2.18,-0.10,1.47,-0.45,-2.24,10.30,-4.21,0.91,-1.95,-2.51,1012.80
2.198,-0.00,0.68,-0.15,-2.24,10.30,-4.21,0.91,-1.95,-2.51,1012.80
2.205,-0.00,0.68,-0.15,-2.24,10.30,-4.21,0.91,-1.95,-2.51,1012.80
2.217,-0.00,0.68,-0.15,-2.24,10.30,-4.21,0.80,0.73,-1.94,1012.80
2.219,-0.00,0.68,-0.15,5.88,4.01,1.11,0.80,0.73,-1.94,1012.80
2.274,-0.02,0.23,-0.27,5.88,4.01,1.11,0.80,0.73,-1.94,1012.80
2.277,-0.02,0.23,-0.27,5.88,4.01,1.11,0.52,1.84,-0.76,1012.80
2.279,-0.02,0.23,-0.27,5.51,-2.91,2.40,0.52,1.84,-0.76,1012.80
2.28,-0.02,0.23,-0.27,5.51,-2.91,2.40,0.52,1.84,-0.76,1012.77
2.296,-0.02,0.23,-0.27,5.51,-2.91,2.40,0.00,1.98,0.64,1012.77
2.297,-0.02,0.23,-0.27,4.89,-3.00,2.78,0.00,1.98,0.64,1012.77
2.315,-0.06,0.01,-0.24,4.89,-3.00,2.78,0.00,1.98,0.64,1012.77
2.322,-0.06,0.01,-0.24,4.89,-3.00,2.78,0.00,1.98,0.64,1012.76
2.352,-0.06,0.01,-0.24,4.89,-3.00,2.78,-0.52,1.82,1.86,1012.76
2.358,-0.06,0.01,-0.24,3.65,-6.70,2.06,-0.52,1.82,1.86,1012.76
2.38,-0.26,-0.00,-0.24,3.65,-6.70,2.06,-0.52,1.82,1.86,1012.76
2.381,-0.26,-0.00,-0.24,3.65,-6.70,2.06,-0.81,1.40,2.80,1012.76
2.382,-0.26,-0.00,-0.24,1.66,-8.93,2.30,-0.81,1.40,2.80,1012.76
2.383,-0.26,-0.00,-0.24,1.66,-8.93,2.30,-0.81,1.40,2.80,1012.74
2.415,-0.26,-0.00,-0.24,1.66,-8.93,2.30,-0.96,1.10,3.04,1012.74
2.419,-0.26,-0.00,-0.24,0.41,-9.21,2.03,-0.96,1.10,3.04,1012.74
2.436,-0.60,0.36,-0.50,0.41,-9.21,2.03,-0.96,1.10,3.04,1012.74
2.461,-0.60,0.36,-0.50,0.41,-9.21,2.03,-0.96,1.10,3.04,1012.73
2.465,-0.60,0.36,-0.50,0.41,-9.21,2.03,-1.00,0.95,2.36,1012.73
2.467,-0.60,0.36,-0.50,-2.50,-7.96,1.25,-1.00,0.95,2.36,1012.73
2.495,-0.88,0.53,-0.67,-2.50,-7.96,1.25,-1.00,0.95,2.36,1012.73
2.498,-0.88,0.53,-0.67,-2.50,-7.96,1.25,-0.60,0.58,0.87,1012.73
2.5,-0.88,0.53,-0.67,-6.92,-3.94,-1.89,-0.60,0.58,0.87,1012.73
2.501,-0.88,0.53,-0.67,-6.92,-3.94,-1.89,-0.60,0.58,0.87,1012.74
2.534,-0.88,0.53,-0.67,-6.92,-3.94,-1.89,-0.12,0.34,-0.30,1012.74
2.536,-0.88,0.53,-0.67,-6.76,-3.89,-1.89,-0.12,0.34,-0.30,1012.74
2.564,-0.92,0.46,-0.88,-6.76,-3.89,-1.89,-0.12,0.34,-0.30,1012.74
2.566,-0.92,0.46,-0.88,-6.76,-3.89,-1.89,-0.12,0.34,-0.30,1012.75
2.575,-0.92,0.46,-0.88,-7.21,-4.79,-2.21,-0.12,0.34,-0.30,1012.75
2.578,-0.92,0.46,-0.88,-7.21,-4.79,-2.21,0.20,0.30,-0.86,1012.75
2.614,-0.00,1.92,-0.43,-7.21,-4.79,-2.21,0.20,0.30,-0.86,1012.75
2.617,-0.00,1.92,-0.43,-7.21,-4.79,-2.21,-0.28,-0.59,-0.59,1012.75
2.619,-0.00,1.92,-0.43,-5.89,5.88,-3.82,-0.28,-0.59,-0.59,1012.75
2.626,-0.00,1.92,-0.43,-5.89,5.88,-3.82,-0.28,-0.59,-0.59,1012.74
2.653,-0.00,1.92,-0.43,-5.97,5.74,-3.81,-0.28,-0.59,-0.59,1012.74
2.656,-0.00,1.92,-0.43,-5.97,5.74,-3.81,-0.29,0.96,0.08,1012.74
2.678,-0.69,1.02,-0.56,-5.97,5.74,-3.81,-0.29,0.96,0.08,1012.74
2.683,-0.69,1.02,-0.56,-5.97,5.74,-3.81,-0.29,0.96,0.08,1012.72
2.714,-0.69,1.02,-0.56,-5.97,5.74,-3.81,-0.31,0.19,0.65,1012.72
2.716,-0.69,1.02,-0.56,-2.41,-3.68,-0.29,-0.31,0.19,0.65,1012.72
2.731,-0.23,0.66,-0.32,-2.41,-3.68,-0.29,-0.31,0.19,0.65,1012.72
2.733,-0.23,0.66,-0.32,-2.41,-3.68,-0.29,-0.59,-0.09,0.82,1012.72
2.735,-0.23,0.66,-0.32,-1.68,6.39,-1.91,-0.59,-0.09,0.82,1012.72
2.754,-0.23,0.66,-0.32,-1.68,6.39,-1.91,-0.59,-0.09,0.82,1012.72
2.786,-0.23,0.66,-0.32,-1.68,6.39,-1.91,-0.47,-0.12,0.97,1012.72
2.787,-0.23,0.66,-0.32,-1.98,6.19,-2.05,-0.47,-0.12,0.97,1012.72
2.79,0.02,0.98,-0.39,-1.98,6.19,-2.05,-0.47,-0.12,0.97,1012.72
2.801,0.02,0.98,-0.39,-1.98,6.19,-2.05,-0.47,-0.12,0.97,1012.73
2.811,0.02,0.98,-0.39,-1.98,6.19,-2.05,-0.59,-0.30,0.87,1012.73
2.813,0.02,0.98,-0.39,-2.47,-1.54,-0.26,-0.59,-0.30,0.87,1012.73
2.861,0.09,0.90,-0.30,-2.47,-1.54,-0.26,-0.59,-0.30,0.87,1012.73
2.865,0.09,0.90,-0.30,-2.47,-1.54,-0.26,-0.60,-0.26,0.75,1012.73
2.867,0.09,0.90,-0.30,0.43,-1.55,-0.61,-0.60,-0.26,0.75,1012.73
2.869,0.09,0.90,-0.30,0.43,-1.55,-0.61,-0.60,-0.26,0.75,1012.74
2.89,0.09,0.90,-0.30,0.43,-1.55,-0.61,-0.49,-0.25,0.62,1012.74
2.891,0.09,0.90,-0.30,0.22,-1.58,-0.78,-0.49,-0.25,0.62,1012.74
2.909,0.16,0.89,-0.17,0.22,-1.58,-0.78,-0.49,-0.25,0.62,1012.74
2.923,0.16,0.89,-0.17,0.22,-1.58,-0.78,-0.49,-0.25,0.62,1012.76
2.929,0.16,0.89,-0.17,0.22,-1.58,-0.78,-0.28,0.15,0.37,1012.76
2.931,0.16,0.89,-0.17,0.83,-0.74,0.50,-0.28,0.15,0.37,1012.76
2.974,0.19,0.97,-0.17,0.83,-0.74,0.50,-0.28,0.15,0.37,1012.76
2.978,0.19,0.97,-0.17,0.83,-0.74,0.50,-0.09,0.14,0.11,1012.76
2.98,0.19,0.97,-0.17,0.90,-0.51,1.15,-0.09,0.14,0.11,1012.76
2.982,0.19,0.97,-0.17,0.90,-0.51,1.15,-0.09,0.14,0.11,1012.75
3.007,0.19,0.97,-0.17,0.90,-0.51,1.15,0.03,-0.30,-0.13,1012.75
3.01,0.19,0.97,-0.17,0.96,-0.50,1.14,0.03,-0.30,-0.13,1012.75
3.027,0.28,1.09,-0.27,0.96,-0.50,1.14,0.03,-0.30,-0.13,1012.75
3.063,0.28,1.09,-0.27,0.96,-0.50,1.14,0.03,-0.30,-0.13,1012.74
3.067,0.28,1.09,-0.27,0.96,-0.50,1.14,0.02,-0.45,-0.41,1012.74
3.068,0.28,1.09,-0.27,2.66,0.50,0.88,0.02,-0.45,-0.41,1012.74
3.099,-0.25,1.21,-0.42,2.66,0.50,0.88,0.02,-0.45,-0.41,1012.74
3.1,-0.25,1.21,-0.42,2.66,0.50,0.88,-0.15,-0.35,-0.32,1012.74
3.101,-0.25,1.21,-0.42,1.30,0.97,-0.58,-0.15,-0.35,-0.32,1012.74
3.102,-0.25,1.21,-0.42,1.30,0.97,-0.58,-0.15,-0.35,-0.32,1012.75
3.126,-0.25,1.21,-0.42,1.30,0.97,-0.58,-0.51,-0.70,0.20,1012.75
3.127,-0.25,1.21,-0.42,1.28,0.90,-0.76,-0.51,-0.70,0.20,1012.75
3.155,0.12,1.59,-0.13,1.28,0.90,-0.76,-0.51,-0.70,0.20,1012.75
3.16,0.12,1.59,-0.13,1.28,0.90,-0.76,-0.51,-0.70,0.20,1012.76
3.17,0.12,1.59,-0.13,1.28,0.90,-0.76,-0.78,-0.60,0.50,1012.76
3.172,0.12,1.59,-0.13,-4.02,3.21,-1.44,-0.78,-0.60,0.50,1012.76
3.209,0.78,1.38,0.09,-4.02,3.21,-1.44,-0.78,-0.60,0.50,1012.76
3.211,0.78,1.38,0.09,-4.02,3.21,-1.44,-0.02,0.38,-1.07,1012.76
3.212,0.78,1.38,0.09,6.08,5.29,2.88,-0.02,0.38,-1.07,1012.76
3.221,0.78,1.38,0.09,6.08,5.29,2.88,-0.02,0.38,-1.07,1012.74
3.253,0.78,1.38,0.09,6.08,5.29,2.88,1.75,1.50,-3.54,1012.74
3.255,0.78,1.38,0.09,7.17,5.47,3.53,1.75,1.50,-3.54,1012.74
3.271,-0.58,1.81,-0.58,7.17,5.47,3.53,1.75,1.50,-3.54,1012.74
3.279,-0.58,1.81,-0.58,7.17,5.47,3.53,1.75,1.50,-3.54,1012.73
3.283,-0.58,1.81,-0.58,7.17,5.47,3.53,2.20,-0.49,-3.48,1012.73
3.283,-0.58,1.81,-0.58,5.96,6.48,1.95,2.20,-0.49,-3.48,1012.73
3.323,-0.07,1.43,-0.37,5.96,6.48,1.95,2.20,-0.49,-3.48,1012.73
3.325,-0.07,1.43,-0.37,5.96,6.48,1.95,1.54,-3.25,-2.49,1012.73
3.326,-0.07,1.43,-0.37,-2.53,7.40,-2.13,1.54,-3.25,-2.49,1012.73
3.339,-0.07,1.43,-0.37,-2.53,7.40,-2.13,1.54,-3.25,-2.49,1012.73
3.364,-0.07,1.43,-0.37,-2.53,7.40,-2.13,1.05,-2.61,-2.44,1012.73
3.37,-0.07,1.43,-0.37,-1.30,7.85,-2.19,1.05,-2.61,-2.44,1012.73
3.393,0.07,0.95,-0.07,-1.30,7.85,-2.19,1.05,-2.61,-2.44,1012.73
3.4,0.07,0.95,-0.07,-1.30,7.85,-2.19,1.05,-2.61,-2.44,1012.74
3.403,0.07,0.95,-0.07,-1.30,7.85,-2.19,0.84,-0.67,-2.02,1012.74
3.405,0.07,0.95,-0.07,6.83,4.80,1.67,0.84,-0.67,-2.02,1012.74
3.446,0.06,0.51,-0.14,6.83,4.80,1.67,0.84,-0.67,-2.02,1012.74
3.448,0.06,0.51,-0.14,6.83,4.80,1.67,0.53,0.61,-0.91,1012.74
3.449,0.06,0.51,-0.14,6.13,0.04,3.24,0.53,0.61,-0.91,1012.74
3.488,0.06,0.51,-0.14,6.13,0.04,3.24,0.53,0.61,-0.91,1012.73
3.49,0.06,0.51,-0.14,6.13,0.04,3.24,0.02,1.36,0.31,1012.73
3.49,0.06,0.51,-0.14,5.71,-0.02,3.49,0.02,1.36,0.31,1012.73
3.501,-0.15,0.17,-0.19,5.71,-0.02,3.49,0.02,1.36,0.31,1012.73
3.518,-0.15,0.17,-0.19,5.71,-0.02,3.49,0.02,1.36,0.31,1012.72
3.52,-0.15,0.17,-0.19,5.71,-0.02,3.49,-0.53,1.37,1.53,1012.72
3.521,-0.15,0.17,-0.19,4.93,-4.16,2.76,-0.53,1.37,1.53,1012.72
3.56,-0.28,-0.04,-0.23,4.93,-4.16,2.76,-0.53,1.37,1.53,1012.72
3.561,-0.28,-0.04,-0.23,4.93,-4.16,2.76,-0.89,0.84,2.66,1012.72
3.562,-0.28,-0.04,-0.23,1.15,-8.01,2.22,-0.89,0.84,2.66,1012.72
3.578,-0.28,-0.04,-0.23,1.15,-8.01,2.22,-0.89,0.84,2.66,1012.70
3.6,-0.28,-0.04,-0.23,1.15,-8.01,2.22,-1.03,0.69,3.15,1012.70
3.602,-0.28,-0.04,-0.23,-0.05,-8.40,1.91,-1.03,0.69,3.15,1012.70
3.62,-0.60,0.12,-0.51,-0.05,-8.40,1.91,-1.03,0.69,3.15,1012.70
3.638,-0.60,0.12,-0.51,-0.05,-8.40,1.91,-1.03,0.69,3.15,1012.71
3.64,-0.60,0.12,-0.51,-0.05,-8.40,1.91,-1.00,0.37,2.77,1012.71
3.642,-0.60,0.12,-0.51,-1.73,-9.09,0.47,-1.00,0.37,2.77,1012.71
3.681,-1.02,0.41,-0.71,-1.73,-9.09,0.47,-1.00,0.37,2.77,1012.71
3.684,-1.02,0.41,-0.71,-1.73,-9.09,0.47,-0.54,0.01,1.43,1012.71
3.686,-1.02,0.41,-0.71,-6.73,-6.54,-2.11,-0.54,0.01,1.43,1012.71
3.701,-1.02,0.41,-0.71,-6.73,-6.54,-2.11,-0.54,0.01,1.43,1012.71
3.719,-1.02,0.41,-0.71,-6.73,-6.54,-2.11,0.60,0.48,-0.49,1012.71
3.722,-1.02,0.41,-0.71,-6.51,-6.34,-1.85,0.60,0.48,-0.49,1012.71
3.738,-0.62,1.68,-0.46,-6.51,-6.34,-1.85,0.60,0.48,-0.49,1012.71
3.76,-0.62,1.68,-0.46,-6.51,-6.34,-1.85,0.10,-0.72,-0.76,1012.71
3.762,-0.62,1.68,-0.46,-9.56,-3.34,-6.72,0.10,-0.72,-0.76,1012.71
3.763,-0.62,1.68,-0.46,-9.56,-3.34,-6.72,0.10,-0.72,-0.76,1012.72
3.798,-0.53,0.55,-0.66,-9.56,-3.34,-6.72,0.10,-0.72,-0.76,1012.72
3.801,-0.53,0.55,-0.66,-9.56,-3.34,-6.72,-0.18,1.70,-0.33,1012.72
3.802,-0.53,0.55,-0.66,3.30,6.49,0.14,-0.18,1.70,-0.33,1012.72
3.819,-0.53,0.55,-0.66,3.30,6.49,0.14,-0.18,1.70,-0.33,1012.71
3.837,-0.53,0.55,-0.66,3.30,6.49,0.14,-0.05,0.45,0.14,1012.71
3.841,-0.53,0.55,-0.66,3.12,6.36,0.15,-0.05,0.45,0.14,1012.71
3.857,-0.13,1.19,-0.52,3.12,6.36,0.15,-0.05,0.45,0.14,1012.71
3.881,-0.13,1.19,-0.52,3.12,6.36,0.15,-0.26,-0.36,0.63,1012.71
3.883,-0.13,1.19,-0.52,-9.84,-0.70,-0.36,-0.26,-0.36,0.63,1012.71
3.884,-0.13,1.19,-0.52,-9.84,-0.70,-0.36,-0.26,-0.36,0.63,1012.70
3.916,-0.44,0.95,-0.49,-9.84,-0.70,-0.36,-0.26,-0.36,0.63,1012.70
3.918,-0.44,0.95,-0.49,-9.84,-0.70,-0.36,-0.37,0.43,0.77,1012.70
3.918,-0.44,0.95,-0.49,0.26,0.93,-0.97,-0.37,0.43,0.77,1012.70
3.937,-0.44,0.95,-0.49,0.26,0.93,-0.97,-0.37,0.43,0.77,1012.71
3.968,-0.44,0.95,-0.49,0.26,0.93,-0.97,-0.50,-0.51,0.95,1012.71
3.972,-0.44,0.95,-0.49,-0.01,0.82,-1.15,-0.50,-0.51,0.95,1012.71
3.995,0.04,0.91,-0.36,-0.01,0.82,-1.15,-0.50,-0.51,0.95,1012.71
3.996,0.04,0.91,-0.36,-0.01,0.82,-1.15,-0.49,-0.28,0.85,1012.71
3.997,0.04,0.91,-0.36,-1.71,-0.15,-1.05,-0.49,-0.28,0.85,1012.71
3.997,0.04,0.91,-0.36,-1.71,-0.15,-1.05,-0.49,-0.28,0.85,1012.71
4.036,0.08,0.88,-0.28,-1.71,-0.15,-1.05,-0.49,-0.28,0.85,1012.71
4.04,0.08,0.88,-0.28,-1.71,-0.15,-1.05,-0.44,-0.27,0.65,1012.71
4.041,0.08,0.88,-0.28,0.23,-0.71,-0.19,-0.44,-0.27,0.65,1012.71
4.065,0.08,0.88,-0.28,0.23,-0.71,-0.19,-0.44,-0.27,0.65,1012.71
4.109,0.08,0.88,-0.28,0.12,-0.74,-0.30,-0.44,-0.27,0.65,1012.71
4.112,0.08,0.88,-0.28,0.12,-0.74,-0.30,-0.30,-0.37,0.41,1012.71
4.113,0.21,0.90,-0.13,0.12,-0.74,-0.30,-0.30,-0.37,0.41,1012.71
4.115,0.21,0.90,-0.13,0.12,-0.74,-0.30,-0.03,0.05,0.05,1012.71
4.116,0.21,0.90,-0.13,1.71,-0.79,0.64,-0.03,0.05,0.05,1012.71
4.119,0.21,0.90,-0.13,1.71,-0.79,0.64,-0.03,0.05,0.05,1012.72
4.155,0.21,0.90,-0.13,1.59,-0.17,1.80,-0.03,0.05,0.05,1012.72
4.16,0.04,1.02,-0.22,1.59,-0.17,1.80,-0.03,0.05,0.05,1012.72
4.161,0.04,1.02,-0.22,1.59,-0.17,1.80,0.17,0.06,-0.25,1012.72
4.184,0.04,1.02,-0.22,1.59,-0.17,1.80,0.17,0.06,-0.25,1012.72
4.192,0.04,1.02,-0.22,1.59,-0.17,1.80,0.18,-0.49,-0.36,1012.72
4.194,0.04,1.02,-0.22,1.75,-0.14,1.83,0.18,-0.49,-0.36,1012.72
4.213,0.06,1.12,-0.47,1.75,-0.14,1.83,0.18,-0.49,-0.36,1012.72
4.233,0.06,1.12,-0.47,1.75,-0.14,1.83,-0.00,-0.63,-0.27,1012.72
4.234,0.06,1.12,-0.47,0.65,0.73,-0.01,-0.00,-0.63,-0.27,1012.72
4.235,0.06,1.12,-0.47,0.65,0.73,-0.01,-0.00,-0.63,-0.27,1012.71
4.273,-0.39,1.41,-0.37,0.65,0.73,-0.01,-0.00,-0.63,-0.27,1012.71
4.278,-0.39,1.41,-0.37,0.65,0.73,-0.01,-0.29,-0.71,0.01,1012.71
4.28,-0.39,1.41,-0.37,0.08,2.29,-1.98,-0.29,-0.71,0.01,1012.71
4.307,-0.39,1.41,-0.37,0.08,2.29,-1.98,-0.29,-0.71,0.01,1012.73
4.312,-0.39,1.41,-0.37,0.08,2.29,-1.98,-0.61,-1.07,0.37,1012.73
4.313,-0.39,1.41,-0.37,0.06,2.17,-2.20,-0.61,-1.07,0.37,1012.73
4.332,0.32,1.61,-0.02,0.06,2.17,-2.20,-0.61,-1.07,0.37,1012.73
4.351,0.32,1.61,-0.02,0.06,2.17,-2.20,-0.82,-0.24,0.15,1012.73
4.353,0.32,1.61,-0.02,-2.64,5.50,0.05,-0.82,-0.24,0.15,1012.73
4.355,0.32,1.61,-0.02,-2.64,5.50,0.05,-0.82,-0.24,0.15,1012.72
4.392,0.62,1.53,-0.07,-2.64,5.50,0.05,-0.82,-0.24,0.15,1012.72
4.396,0.62,1.53,-0.07,-2.64,5.50,0.05,0.25,1.07,-1.47,1012.72
4.398,0.62,1.53,-0.07,7.56,4.56,3.98,0.25,1.07,-1.47,1012.72
4.426,0.62,1.53,-0.07,7.56,4.56,3.98,0.25,1.07,-1.47,1012.72
4.434,0.62,1.53,-0.07,7.56,4.56,3.98,1.86,1.03,-3.63,1012.72
4.436,0.62,1.53,-0.07,8.67,4.90,4.66,1.86,1.03,-3.63,1012.72
4.449,-0.60,1.78,-0.63,8.67,4.90,4.66,1.86,1.03,-3.63,1012.72
4.47,-0.60,1.78,-0.63,8.67,4.90,4.66,1.85,-1.97,-3.07,1012.72
4.497,-0.60,1.78,-0.63,3.79,8.09,-0.42,1.85,-1.97,-3.07,1012.72
4.5,-0.60,1.78,-0.63,3.79,8.09,-0.42,1.85,-1.97,-3.07,1012.71
4.511,-0.60,1.78,-0.63,0.83,7.43,-2.11,1.85,-1.97,-3.07,1012.71
4.513,0.01,1.28,-0.34,0.83,7.43,-2.11,1.85,-1.97,-3.07,1012.71
4.514,0.01,1.28,-0.34,0.83,7.43,-2.11,1.24,-2.81,-2.52,1012.71
4.534,0.01,1.28,-0.34,0.83,7.43,-2.11,1.24,-2.81,-2.52,1012.71
4.547,0.01,1.28,-0.34,0.83,7.43,-2.11,0.82,-1.15,-2.16,1012.71
4.549,0.01,1.28,-0.34,1.67,7.84,-2.03,0.82,-1.15,-2.16,1012.71
4.575,-0.09,0.63,-0.13,1.67,7.84,-2.03,0.82,-1.15,-2.16,1012.71
4.588,-0.09,0.63,-0.13,1.67,7.84,-2.03,0.43,0.00,-1.30,1012.71
4.59,-0.09,0.63,-0.13,5.42,2.66,1.39,0.43,0.00,-1.30,1012.71
4.603,-0.09,0.63,-0.13,5.42,2.66,1.39,0.43,0.00,-1.30,1012.68
4.628,0.03,0.24,-0.11,5.42,2.66,1.39,0.43,0.00,-1.30,1012.68
4.631,0.03,0.24,-0.11,5.42,2.66,1.39,0.00,1.11,-0.21,1012.68
4.633,0.03,0.24,-0.11,5.17,-3.08,2.87,0.00,1.11,-0.21,1012.68
4.655,0.03,0.24,-0.11,5.17,-3.08,2.87,0.00,1.11,-0.21,1012.64
4.673,0.03,0.24,-0.11,4.51,-3.29,3.04,0.00,1.11,-0.21,1012.64
4.675,0.03,0.24,-0.11,4.51,-3.29,3.04,-0.42,1.72,0.96,1012.64
4.687,-0.24,-0.08,-0.10,4.51,-3.29,3.04,-0.42,1.72,0.96,1012.64
4.719,-0.24,-0.08,-0.10,4.51,-3.29,3.04,-0.78,1.15,2.14,1012.64
4.722,-0.24,-0.08,-0.10,3.58,-7.28,3.11,-0.78,1.15,2.14,1012.64
4.724,-0.24,-0.08,-0.10,3.58,-7.28,3.11,-0.78,1.15,2.14,1012.63
4.753,-0.44,-0.16,-0.24,3.58,-7.28,3.11,-0.78,1.15,2.14,1012.63
4.756,-0.44,-0.16,-0.24,3.58,-7.28,3.11,-0.99,0.56,2.97,1012.63
4.757,-0.44,-0.16,-0.24,-0.21,-9.91,2.68,-0.99,0.56,2.97,1012.63
4.795,-0.44,-0.16,-0.24,-0.21,-9.91,2.68,-0.99,0.56,2.97,1012.64
4.798,-0.44,-0.16,-0.24,-0.21,-9.91,2.68,-0.95,0.44,2.94,1012.64
4.8,-0.44,-0.16,-0.24,-1.29,-10.13,2.34,-0.95,0.44,2.94,1012.64
4.805,-0.77,0.18,-0.63,-1.29,-10.13,2.34,-0.95,0.44,2.94,1012.64
4.825,-0.77,0.18,-0.63,-1.29,-10.13,2.34,-0.60,0.99,1.63,1012.64
4.827,-0.77,0.18,-0.63,-4.05,-9.99,-0.45,-0.60,0.99,1.63,1012.64
4.834,-0.77,0.18,-0.63,-4.05,-9.99,-0.45,-0.60,0.99,1.63,1012.65
4.878,-1.41,0.85,-1.12,-4.05,-9.99,-0.45,-0.60,0.99,1.63,1012.65
4.882,-1.41,0.85,-1.12,-4.05,-9.99,-0.45,0.49,1.27,0.06,1012.65
4.884,-1.41,0.85,-1.12,-8.79,-6.77,-3.24,0.49,1.27,0.06,1012.65
4.905,-1.41,0.85,-1.12,-8.79,-6.77,-3.24,0.49,1.27,0.06,1012.64
4.907,-1.41,0.85,-1.12,-8.79,-6.77,-3.24,0.27,-1.12,-1.53,1012.64
4.908,-1.41,0.85,-1.12,-7.97,-6.54,-3.16,0.27,-1.12,-1.53,1012.64
4.923,0.47,1.49,-0.49,-7.97,-6.54,-3.16,0.27,-1.12,-1.53,1012.64
4.945,0.47,1.49,-0.49,-7.97,-6.54,-3.16,-0.47,0.78,0.02,1012.64
4.947,0.47,1.49,-0.49,-8.39,11.05,-2.67,-0.47,0.78,0.02,1012.64
4.955,0.47,1.49,-0.49,-8.39,11.05,-2.67,-0.47,0.78,0.02,1012.64
4.993,-1.28,1.15,-0.46,-8.39,11.05,-2.67,-0.47,0.78,0.02,1012.64
4.995,-1.28,1.15,-0.46,-8.39,11.05,-2.67,-0.06,1.43,-0.28,1012.64
4.996,-1.28,1.15,-0.46,2.30,-7.22,-2.66,-0.06,1.43,-0.28,1012.64
5.023,-1.28,1.15,-0.46,2.30,-7.22,-2.66,-0.06,1.43,-0.28,1012.64
5.025,-1.28,1.15,-0.46,2.30,-7.22,-2.66,-0.29,-0.99,0.77,1012.64
5.026,-1.28,1.15,-0.46,2.14,-7.19,-2.77,-0.29,-0.99,0.77,1012.64
5.05,-0.08,0.71,-0.38,2.14,-7.19,-2.77,-0.29,-0.99,0.77,1012.64
5.078,-0.08,0.71,-0.38,2.14,-7.19,-2.77,-0.45,0.28,0.88,1012.64
5.08,-0.08,0.71,-0.38,-5.81,5.97,-2.67,-0.45,0.28,0.88,1012.64
5.081,-0.08,0.71,-0.38,-5.81,5.97,-2.67,-0.45,0.28,0.88,1012.65
5.102,-0.16,0.91,-0.41,-5.81,5.97,-2.67,-0.45,0.28,0.88,1012.65
5.103,-0.16,0.91,-0.41,-5.81,5.97,-2.67,-0.55,-0.13,0.95,1012.65
5.104,-0.16,0.91,-0.41,-2.47,0.00,-1.17,-0.55,-0.13,0.95,1012.65
5.133,-0.16,0.91,-0.41,-2.47,0.00,-1.17,-0.55,-0.13,0.95,1012.65
5.141,-0.16,0.91,-0.41,-2.47,0.00,-1.17,-0.62,-0.25,0.87,1012.65
5.144,-0.16,0.91,-0.41,-2.70,-0.10,-1.38,-0.62,-0.25,0.87,1012.65
5.181,0.02,0.92,-0.28,-2.70,-0.10,-1.38,-0.62,-0.25,0.87,1012.65
5.185,0.02,0.92,-0.28,-2.70,-0.10,-1.38,-0.60,0.13,0.69,1012.65
5.187,0.02,0.92,-0.28,0.81,-1.00,-0.70,-0.60,0.13,0.69,1012.65
5.222,0.02,0.92,-0.28,0.81,-1.00,-0.70,-0.60,0.13,0.69,1012.66
5.224,0.03,0.90,-0.18,0.81,-1.00,-0.70,-0.60,0.13,0.69,1012.66
5.225,0.03,0.90,-0.18,0.81,-1.00,-0.70,-0.45,0.45,0.50,1012.66
5.226,0.03,0.90,-0.18,0.74,-0.56,0.58,-0.45,0.45,0.50,1012.66
5.261,0.03,0.90,-0.18,0.74,-0.56,0.58,-0.45,0.45,0.50,1012.66
5.265,0.03,0.90,-0.18,0.74,-0.56,0.58,-0.27,0.37,0.37,1012.66
5.266,0.03,0.90,-0.18,0.56,-0.58,0.48,-0.27,0.37,0.37,1012.66
5.287,-0.04,0.96,-0.14,0.56,-0.58,0.48,-0.27,0.37,0.37,1012.66
5.299,-0.04,0.96,-0.14,0.56,-0.58,0.48,-0.10,-0.34,0.21,1012.66
5.301,-0.04,0.96,-0.14,-0.22,0.18,0.91,-0.10,-0.34,0.21,1012.66
5.312,-0.04,0.96,-0.14,-0.22,0.18,0.91,-0.10,-0.34,0.21,1012.66
5.34,0.37,1.14,-0.25,-0.22,0.18,0.91,-0.10,-0.34,0.21,1012.66
5.343,0.37,1.14,-0.25,-0.22,0.18,0.91,0.01,-0.22,-0.11,1012.66
5.345,0.37,1.14,-0.25,1.41,0.32,1.12,0.01,-0.22,-0.11,1012.66
5.368,0.37,1.14,-0.25,1.41,0.32,1.12,0.01,-0.22,-0.11,1012.64
5.383,0.37,1.14,-0.25,1.41,0.32,1.12,-0.01,-0.15,-0.41,1012.64
5.385,0.37,1.14,-0.25,1.55,0.31,1.10,-0.01,-0.15,-0.41,1012.64
5.397,-0.08,1.15,-0.28,1.55,0.31,1.10,-0.01,-0.15,-0.41,1012.64
5.418,-0.08,1.15,-0.28,1.55,0.31,1.10,-0.08,-0.77,-0.33,1012.64
5.42,-0.08,1.15,-0.28,2.35,2.31,-0.10,-0.08,-0.77,-0.33,1012.64
5.432,-0.08,1.15,-0.28,2.35,2.31,-0.10,-0.08,-0.77,-0.33,1012.63
5.458,-0.26,1.54,-0.16,2.35,2.31,-0.10,-0.08,-0.77,-0.33,1012.63
5.461,-0.26,1.54,-0.16,2.35,2.31,-0.10,-0.25,-0.95,-0.10,1012.63
5.463,-0.26,1.54,-0.16,-0.30,2.67,-0.87,-0.25,-0.95,-0.10,1012.63
5.494,-0.26,1.54,-0.16,-0.30,2.67,-0.87,-0.25,-0.95,-0.10,1012.63
5.496,-0.26,1.54,-0.16,-0.30,2.67,-0.87,-0.48,-0.75,-0.03,1012.63
5.498,-0.26,1.54,-0.16,-0.22,2.59,-1.05,-0.48,-0.75,-0.03,1012.63
5.518,0.81,1.40,0.17,-0.22,2.59,-1.05,-0.48,-0.75,-0.03,1012.63
5.536,0.81,1.40,0.17,-0.22,2.59,-1.05,-0.22,0.45,-0.86,1012.63
5.538,0.81,1.40,0.17,0.28,6.23,2.39,-0.22,0.45,-0.86,1012.63
5.551,0.81,1.40,0.17,0.28,6.23,2.39,-0.22,0.45,-0.86,1012.64
5.585,-0.04,1.69,-0.41,0.28,6.23,2.39,-0.22,0.45,-0.86,1012.64
5.587,-0.04,1.69,-0.41,0.28,6.23,2.39,0.97,2.69,-3.05,1012.64
5.588,-0.04,1.69,-0.41,10.62,3.83,3.56,0.97,2.69,-3.05,1012.64
5.611,-0.04,1.69,-0.41,10.62,3.83,3.56,0.97,2.69,-3.05,1012.65
5.616,-0.04,1.69,-0.41,10.62,3.83,3.56,1.60,1.50,-3.86,1012.65
5.617,-0.04,1.69,-0.41,11.63,4.28,4.19,1.60,1.50,-3.86,1012.65
5.635,-0.60,1.46,-0.64,11.63,4.28,4.19,1.60,1.50,-3.86,1012.65
5.656,-0.60,1.46,-0.64,11.63,4.28,4.19,1.35,-1.79,-3.21,1012.65
5.658,-0.60,1.46,-0.64,-2.00,8.47,-2.98,1.35,-1.79,-3.21,1012.65
5.683,-0.60,1.46,-0.64,-2.00,8.47,-2.98,1.35,-1.79,-3.21,1012.64
5.721,-0.14,1.08,-0.32,-2.00,8.47,-2.98,1.35,-1.79,-3.21,1012.64
5.727,-0.14,1.08,-0.32,-2.00,8.47,-2.98,0.86,-1.67,-3.24,1012.64
5.731,-0.14,1.08,-0.32,2.08,6.06,-1.84,0.86,-1.67,-3.24,1012.64
5.732,-0.14,1.08,-0.32,2.08,6.06,-1.84,0.86,-1.67,-3.24,1012.64
5.733,-0.14,1.08,-0.32,2.08,6.06,-1.84,0.71,-0.41,-3.13,1012.64
5.733,-0.14,1.08,-0.32,3.00,6.76,-1.69,0.71,-0.41,-3.13,1012.64
5.753,-0.21,0.73,-0.27,3.00,6.76,-1.69,0.71,-0.41,-3.13,1012.64
5.782,-0.21,0.73,-0.27,3.00,6.76,-1.69,0.59,0.49,-2.39,1012.64
5.786,-0.21,0.73,-0.27,4.92,2.21,1.44,0.59,0.49,-2.39,1012.64
5.79,-0.21,0.73,-0.27,4.92,2.21,1.44,0.59,0.49,-2.39,1012.64
5.813,0.02,0.62,-0.37,4.92,2.21,1.44,0.59,0.49,-2.39,1012.64
5.814,0.02,0.62,-0.37,4.92,2.21,1.44,0.14,1.29,-1.45,1012.64
5.817,0.02,0.62,-0.37,5.52,1.21,1.22,0.14,1.29,-1.45,1012.64
5.852,0.02,0.62,-0.37,5.52,1.21,1.22,0.14,1.29,-1.45,1012.62
5.854,0.02,0.62,-0.37,5.52,1.21,1.22,-0.58,1.50,-0.47,1012.62
5.856,0.02,0.62,-0.37,5.28,1.22,1.45,-0.58,1.50,-0.47,1012.62
5.882,-0.24,0.21,-0.24,5.28,1.22,1.45,-0.58,1.50,-0.47,1012.62
5.891,-0.24,0.21,-0.24,5.28,1.22,1.45,-1.16,0.67,1.25,1012.62
5.893,-0.24,0.21,-0.24,5.29,-2.21,1.01,-1.16,0.67,1.25,1012.62
5.923,-0.24,0.21,-0.24,5.29,-2.21,1.01,-1.16,0.67,1.25,1012.62
5.932,0.00,0.12,-0.22,5.29,-2.21,1.01,-1.16,0.67,1.25,1012.62
5.934,0.00,0.12,-0.22,5.29,-2.21,1.01,-1.67,1.12,2.74,1012.62
5.935,0.00,0.12,-0.22,3.47,-5.41,1.87,-1.67,1.12,2.74,1012.62
5.975,0.00,0.12,-0.22,3.47,-5.41,1.87,-2.07,2.56,3.42,1012.62
5.978,0.00,0.12,-0.22,1.98,-6.20,1.63,-2.07,2.56,3.42,1012.62
5.98,0.00,0.12,-0.22,1.98,-6.20,1.63,-2.07,2.56,3.42,1012.61
6.005,-0.27,0.37,-0.45,1.98,-6.20,1.63,-2.07,2.56,3.42,1012.61
6.011,-0.27,0.37,-0.45,1.98,-6.20,1.63,-2.43,2.87,3.51,1012.61
6.013,-0.27,0.37,-0.45,1.39,-7.35,0.71,-2.43,2.87,3.51,1012.61
6.03,-0.27,0.37,-0.45,1.39,-7.35,0.71,-2.43,2.87,3.51,1012.61
6.051,-0.71,0.56,-0.68,1.39,-7.35,0.71,-2.43,2.87,3.51,1012.61
6.056,-0.71,0.56,-0.68,1.39,-7.35,0.71,-2.53,2.22,2.97,1012.61
6.059,-0.71,0.56,-0.68,-3.57,-4.59,-2.57,-2.53,2.22,2.97,1012.61
6.1,-0.71,0.56,-0.68,-4.32,-4.69,-3.21,-2.53,2.22,2.97,1012.61
6.103,-0.71,0.56,-0.68,-4.32,-4.69,-3.21,-1.96,1.78,1.85,1012.61
6.105,-0.71,0.56,-0.68,-4.32,-4.69,-3.21,-1.96,1.78,1.85,1012.60
6.109,-0.90,0.43,-0.93,-4.32,-4.69,-3.21,-1.96,1.78,1.85,1012.60
6.129,-0.90,0.43,-0.93,-4.32,-4.69,-3.21,-0.87,1.71,0.39,1012.60
6.13,-0.90,0.43,-0.93,-8.24,-3.42,-5.98,-0.87,1.71,0.39,1012.60
6.151,-0.90,0.43,-0.93,-8.24,-3.42,-5.98,-0.87,1.71,0.39,1012.61
6.169,-0.84,0.99,-0.89,-8.24,-3.42,-5.98,-0.87,1.71,0.39,1012.61
6.172,-0.84,0.99,-0.89,-8.24,-3.42,-5.98,0.54,0.86,-0.72,1012.61
6.174,-0.84,0.99,-0.89,-9.74,-6.92,-7.62,0.54,0.86,-0.72,1012.61
6.208,-0.84,0.99,-0.89,-9.74,-6.92,-7.62,0.55,-2.41,-1.32,1012.61
6.211,-0.84,0.99,-0.89,-8.92,-6.74,-7.34,0.55,-2.41,-1.32,1012.61
6.212,-0.84,0.99,-0.89,-8.92,-6.74,-7.34,0.55,-2.41,-1.32,1012.59
6.233,0.00,1.22,-0.54,-8.92,-6.74,-7.34,0.55,-2.41,-1.32,1012.59
6.247,0.00,1.22,-0.54,-8.92,-6.74,-7.34,0.38,-1.20,-0.38,1012.59
6.249,0.00,1.22,-0.54,-3.20,8.08,-0.15,0.38,-1.20,-0.38,1012.59
6.268,0.00,1.22,-0.54,-3.20,8.08,-0.15,0.38,-1.20,-0.38,1012.59
6.288,-0.31,0.98,-0.11,-3.20,8.08,-0.15,0.38,-1.20,-0.38,1012.59
6.291,-0.31,0.98,-0.11,-3.20,8.08,-0.15,-0.45,2.27,-0.79,1012.59
6.292,-0.31,0.98,-0.11,1.03,-1.11,-2.21,-0.45,2.27,-0.79,1012.59
6.326,-0.31,0.98,-0.11,1.03,-1.11,-2.21,-0.49,0.33,-0.92,1012.59
6.328,-0.31,0.98,-0.11,1.30,-1.08,-2.32,-0.49,0.33,-0.92,1012.59
6.328,-0.31,0.98,-0.11,1.30,-1.08,-2.32,-0.49,0.33,-0.92,1012.59
6.346,-0.67,1.13,-0.18,1.30,-1.08,-2.32,-0.49,0.33,-0.92,1012.59
6.367,-0.67,1.13,-0.18,1.30,-1.08,-2.32,-0.36,-0.10,0.28,1012.59
6.37,-0.67,1.13,-0.18,-4.04,2.48,-2.54,-0.36,-0.10,0.28,1012.59
6.401,-0.67,1.13,-0.18,-4.04,2.48,-2.54,-0.36,-0.10,0.28,1012.60
6.408,-0.36,0.93,-0.22,-4.04,2.48,-2.54,-0.36,-0.10,0.28,1012.60
6.409,-0.36,0.93,-0.22,-4.04,2.48,-2.54,-0.22,-0.56,1.07,1012.60
6.409,-0.36,0.93,-0.22,-3.87,0.50,-0.43,-0.22,-0.56,1.07,1012.60
6.445,-0.36,0.93,-0.22,-3.87,0.50,-0.43,-0.40,-0.66,1.49,1012.60
6.448,-0.36,0.93,-0.22,-4.28,0.41,-0.58,-0.40,-0.66,1.49,1012.60
6.451,-0.36,0.93,-0.22,-4.28,0.41,-0.58,-0.40,-0.66,1.49,1012.61
6.469,-0.28,0.75,-0.26,-4.28,0.41,-0.58,-0.40,-0.66,1.49,1012.61
6.488,-0.28,0.75,-0.26,-4.28,0.41,-0.58,-0.50,-1.50,2.04,1012.61
6.49,-0.28,0.75,-0.26,-2.73,-0.66,-0.61,-0.50,-1.50,2.04,1012.61
6.519,-0.28,0.75,-0.26,-2.73,-0.66,-0.61,-0.50,-1.50,2.04,1012.62
6.524,-0.23,1.05,-0.30,-2.73,-0.66,-0.61,-0.50,-1.50,2.04,1012.62
6.526,-0.23,1.05,-0.30,-2.73,-0.66,-0.61,-0.36,-2.18,3.05,1012.62
6.528,-0.23,1.05,-0.30,-3.65,-1.07,-0.68,-0.36,-2.18,3.05,1012.62
6.583,-0.23,1.05,-0.30,-3.65,-1.07,-0.68,-0.26,-1.68,3.56,1012.62
6.588,-0.23,1.05,-0.30,-4.74,-0.89,-0.68,-0.26,-1.68,3.56,1012.62
6.589,-0.23,1.05,-0.30,-4.74,-0.89,-0.68,-0.26,-1.68,3.56,1012.62
6.589,0.73,1.00,-0.27,-4.74,-0.89,-0.68,-0.26,-1.68,3.56,1012.62
6.61,0.73,1.00,-0.27,-4.74,-0.89,-0.68,-0.41,-1.72,2.43,1012.62
6.616,0.73,1.00,-0.27,-2.54,1.42,-1.85,-0.41,-1.72,2.43,1012.62
6.628,0.73,1.00,-0.27,-2.54,1.42,-1.85,-0.41,-1.72,2.43,1012.63
6.643,0.82,0.97,0.06,-2.54,1.42,-1.85,-0.41,-1.72,2.43,1012.63
6.644,0.82,0.97,0.06,-2.54,1.42,-1.85,-0.50,-1.10,0.09,1012.63
6.645,0.82,0.97,0.06,7.55,0.51,-0.07,-0.50,-1.10,0.09,1012.63
6.685,0.82,0.97,0.06,7.68,0.43,-0.08,-0.50,-1.10,0.09,1012.63
6.689,0.82,0.97,0.06,7.68,0.43,-0.08,0.09,0.46,-0.81,1012.63
6.69,0.82,0.97,0.06,7.68,0.43,-0.08,0.09,0.46,-0.81,1012.64
6.713,0.08,0.96,-0.23,7.68,0.43,-0.08,0.09,0.46,-0.81,1012.64
6.721,0.08,0.96,-0.23,7.68,0.43,-0.08,-0.03,0.13,-0.40,1012.64
6.722,0.08,0.96,-0.23,1.95,0.84,1.41,-0.03,0.13,-0.40,1012.64
6.748,0.08,0.96,-0.23,1.95,0.84,1.41,-0.03,0.13,-0.40,1012.64
6.762,0.28,0.98,-0.20,1.95,0.84,1.41,-0.03,0.13,-0.40,1012.64
6.764,0.28,0.98,-0.20,1.95,0.84,1.41,-0.21,-0.07,-0.33,1012.64
6.766,0.28,0.98,-0.20,-0.56,0.43,-0.59,-0.21,-0.07,-0.33,1012.64
6.801,0.28,0.98,-0.20,-0.56,0.43,-0.59,-0.30,0.09,-0.40,1012.64
6.803,0.28,0.98,-0.20,-0.41,0.37,-0.69,-0.30,0.09,-0.40,1012.64
6.806,0.28,0.98,-0.20,-0.41,0.37,-0.69,-0.30,0.09,-0.40,1012.63
6.848,0.24,1.10,-0.16,-0.41,0.37,-0.69,-0.30,0.09,-0.40,1012.63
6.85,0.24,1.10,-0.16,0.47,0.72,-0.77,-0.30,0.09,-0.40,1012.63
6.852,0.24,1.10,-0.16,0.47,0.72,-0.77,-0.46,-0.12,-0.34,1012.63
6.87,0.24,1.10,-0.16,0.47,0.72,-0.77,-0.46,-0.12,-0.34,1012.63
6.878,0.38,1.23,0.05,0.47,0.72,-0.77,-0.46,-0.12,-0.34,1012.63
6.879,0.38,1.23,0.05,0.47,0.72,-0.77,-0.60,-0.32,-0.22,1012.63
6.88,0.38,1.23,0.05,0.67,1.97,-0.08,-0.60,-0.32,-0.22,1012.63
6.919,0.38,1.23,0.05,0.67,1.97,-0.08,-0.78,-0.06,-0.27,1012.63
6.921,0.38,1.23,0.05,0.76,1.89,-0.36,-0.78,-0.06,-0.27,1012.63
6.926,0.38,1.23,0.05,0.76,1.89,-0.36,-0.78,-0.06,-0.27,1012.64
6.938,0.89,1.37,0.24,0.76,1.89,-0.36,-0.78,-0.06,-0.27,1012.64
6.959,0.89,1.37,0.24,0.76,1.89,-0.36,-0.34,0.83,-0.83,1012.64
6.962,0.89,1.37,0.24,3.50,3.23,1.52,-0.34,0.83,-0.83,1012.64
7.0,0.89,1.37,0.24,3.50,3.23,1.52,-0.34,0.83,-0.83,1012.65
7.004,0.40,1.43,0.04,3.50,3.23,1.52,-0.34,0.83,-0.83,1012.65
7.006,0.40,1.43,0.04,3.50,3.23,1.52,0.22,2.49,-1.87,1012.65
7.008,0.40,1.43,0.04,8.10,3.60,2.93,0.22,2.49,-1.87,1012.65
7.038,0.40,1.43,0.04,8.10,3.60,2.93,0.22,2.68,-1.68,1012.65
7.041,0.40,1.43,0.04,8.54,3.50,2.89,0.22,2.68,-1.68,1012.65
7.045,0.40,1.43,0.04,8.54,3.50,2.89,0.22,2.68,-1.68,1012.64
7.057,0.32,0.89,-0.07,8.54,3.50,2.89,0.22,2.68,-1.68,1012.64
7.077,0.32,0.89,-0.07,8.54,3.50,2.89,-0.22,1.61,-0.96,1012.64
7.081,0.32,0.89,-0.07,1.86,3.37,-0.27,-0.22,1.61,-0.96,1012.64
7.107,0.32,0.89,-0.07,1.86,3.37,-0.27,-0.22,1.61,-0.96,1012.64
7.137,0.21,0.72,-0.13,1.86,3.37,-0.27,-0.22,1.61,-0.96,1012.64
7.138,0.21,0.72,-0.13,1.86,3.37,-0.27,-0.48,1.49,-0.42,1012.64
7.14,0.21,0.72,-0.13,3.13,-2.15,-0.31,-0.48,1.49,-0.42,1012.64
7.155,0.21,0.72,-0.13,3.13,-2.15,-0.31,-0.39,1.49,-0.01,1012.64
7.156,0.21,0.72,-0.13,3.08,-2.11,-0.46,-0.39,1.49,-0.01,1012.64
7.164,0.21,0.72,-0.13,3.08,-2.11,-0.46,-0.39,1.49,-0.01,1012.62
7.175,0.32,0.75,-0.17,3.08,-2.11,-0.46,-0.39,1.49,-0.01,1012.62
7.195,0.32,0.75,-0.17,3.08,-2.11,-0.46,-0.01,1.89,0.07,1012.62
7.196,0.32,0.75,-0.17,1.78,-2.41,-1.49,-0.01,1.89,0.07,1012.62
7.224,0.32,0.75,-0.17,1.78,-2.41,-1.49,-0.01,1.89,0.07,1012.61
7.235,0.07,0.75,-0.38,1.78,-2.41,-1.49,-0.01,1.89,0.07,1012.61
7.235,0.07,0.75,-0.38,1.78,-2.41,-1.49,0.07,1.78,0.17,1012.61
7.236,0.07,0.75,-0.38,2.23,-2.21,-2.34,0.07,1.78,0.17,1012.61
7.275,0.07,0.75,-0.38,2.23,-2.21,-2.34,-0.23,1.00,0.63,1012.61
7.279,0.07,0.75,-0.38,1.95,-2.16,-2.40,-0.23,1.00,0.63,1012.61
7.286,0.07,0.75,-0.38,1.95,-2.16,-2.40,-0.23,1.00,0.63,1012.61
7.294,0.06,0.72,-0.24,1.95,-2.16,-2.40,-0.23,1.00,0.63,1012.61
7.314,0.06,0.72,-0.24,1.95,-2.16,-2.40,-0.26,0.57,1.04,1012.61
7.315,0.06,0.72,-0.24,-0.60,-2.02,-3.80,-0.26,0.57,1.04,1012.61
7.344,0.06,0.72,-0.24,-0.60,-2.02,-3.80,-0.26,0.57,1.04,1012.60
7.354,0.08,0.70,-0.16,-0.60,-2.02,-3.80,-0.26,0.57,1.04,1012.60
7.355,0.08,0.70,-0.16,-0.60,-2.02,-3.80,0.09,0.97,1.44,1012.60
7.356,0.08,0.70,-0.16,-0.65,-2.58,-1.73,0.09,0.97,1.44,1012.60
7.399,0.08,0.70,-0.16,-0.65,-2.58,-1.73,0.33,1.19,1.85,1012.60
7.405,0.08,0.70,-0.16,-1.30,-2.40,-1.67,0.33,1.19,1.85,1012.60
7.407,0.08,0.70,-0.16,-1.30,-2.40,-1.67,0.33,1.19,1.85,1012.60
7.413,0.03,0.74,-0.14,-1.30,-2.40,-1.67,0.33,1.19,1.85,1012.60
7.436,0.03,0.74,-0.14,-1.30,-2.40,-1.67,0.37,1.22,2.28,1012.60
7.439,0.03,0.74,-0.14,-2.58,-2.02,-1.79,0.37,1.22,2.28,1012.60
7.465,0.03,0.74,-0.14,-2.58,-2.02,-1.79,0.37,1.22,2.28,1012.60
7.475,0.18,0.87,-0.06,-2.58,-2.02,-1.79,0.37,1.22,2.28,1012.60
7.478,0.18,0.87,-0.06,-2.58,-2.02,-1.79,0.53,1.72,2.26,1012.60
7.481,0.18,0.87,-0.06,-2.88,-1.12,-0.96,0.53,1.72,2.26,1012.60
7.515,0.18,0.87,-0.06,-2.88,-1.12,-0.96,0.65,2.40,1.49,1012.60
7.518,0.18,0.87,-0.06,-3.32,-0.87,-1.09,0.65,2.40,1.49,1012.60
7.524,0.18,0.87,-0.06,-3.32,-0.87,-1.09,0.65,2.40,1.49,1012.61
7.531,0.15,1.02,-0.38,-3.32,-0.87,-1.09,0.65,2.40,1.49,1012.61
7.551,0.15,1.02,-0.38,-3.32,-0.87,-1.09,0.15,2.21,0.32,1012.61
7.552,0.15,1.02,-0.38,-2.23,1.12,-1.53,0.15,2.21,0.32,1012.61
7.602,0.15,1.02,-0.38,-2.23,1.12,-1.53,0.15,2.21,0.32,1012.61
7.605,-0.26,1.27,-0.46,-2.23,1.12,-1.53,0.15,2.21,0.32,1012.61
7.607,-0.26,1.27,-0.46,-2.23,1.12,-1.53,-0.44,1.75,-0.90,1012.61
7.609,-0.26,1.27,-0.46,-3.26,1.82,-5.42,-0.44,1.75,-0.90,1012.61
7.631,-0.26,1.27,-0.46,-3.26,1.82,-5.42,-0.09,1.77,-1.91,1012.61
7.633,-0.26,1.27,-0.46,-2.50,1.54,-5.59,-0.09,1.77,-1.91,1012.61
7.643,-0.26,1.27,-0.46,-2.50,1.54,-5.59,-0.09,1.77,-1.91,1012.62
7.702,-0.26,1.27,-0.46,-2.50,1.54,-5.59,-0.09,1.77,-1.91,1012.61
7.708,-0.26,1.27,-0.46,-2.50,1.54,-5.59,0.05,-0.34,-0.01,1012.61
7.708,-0.26,1.27,-0.46,-2.50,1.54,-5.59,-0.31,-1.62,1.46,1012.61
7.709,-0.26,1.27,-0.46,-2.47,1.51,-5.44,-0.31,-1.62,1.46,1012.61
7.709,-0.26,1.27,-0.46,-2.96,1.67,-5.25,-0.31,-1.62,1.46,1012.61
7.747,-0.26,1.27,-0.46,-2.96,1.67,-5.25,-0.30,-0.39,0.27,1012.61
7.748,0.16,0.73,0.33,-2.96,1.67,-5.25,-0.30,-0.39,0.27,1012.61
7.749,-0.27,0.79,0.07,-2.96,1.67,-5.25,-0.30,-0.39,0.27,1012.61
7.749,-0.27,0.79,0.07,-3.01,1.69,-5.22,-0.30,-0.39,0.27,1012.61
7.762,-0.27,0.79,0.07,-3.01,1.69,-5.22,-0.30,-0.39,0.27,1012.61
7.792,-0.27,0.79,0.07,-3.01,1.69,-5.22,-0.37,0.47,0.17,1012.61
7.793,0.20,1.02,-0.10,-3.01,1.69,-5.22,-0.37,0.47,0.17,1012.61
7.794,0.85,1.13,0.00,-3.01,1.69,-5.22,-0.37,0.47,0.17,1012.61
7.794,0.85,1.13,0.00,-3.23,-0.30,0.18,-0.37,0.47,0.17,1012.61
7.823,0.85,1.13,0.00,-3.23,-0.30,0.18,-0.37,0.47,0.17,1012.61
7.827,0.85,1.13,0.00,-3.23,-0.30,0.18,-0.38,-0.19,0.12,1012.61
7.828,0.63,1.06,0.21,-3.23,-0.30,0.18,-0.38,-0.19,0.12,1012.61
7.828,0.22,0.82,0.27,-3.23,-0.30,0.18,-0.38,-0.19,0.12,1012.61
7.829,0.22,0.82,0.27,1.95,1.25,0.67,-0.38,-0.19,0.12,1012.61
7.868,0.22,0.82,0.27,1.95,1.25,0.67,-0.30,0.42,-0.03,1012.61
7.87,0.12,0.79,0.10,1.95,1.25,0.67,-0.30,0.42,-0.03,1012.61
7.872,0.22,0.94,0.13,1.95,1.25,0.67,-0.30,0.42,-0.03,1012.61
7.872,0.22,0.94,0.13,1.95,1.24,0.49,-0.30,0.42,-0.03,1012.61
7.885,0.22,0.94,0.13,1.95,1.24,0.49,-0.30,0.42,-0.03,1012.62
7.909,0.22,0.94,0.13,1.95,1.24,0.49,-0.36,-0.08,-0.09,1012.62
7.912,0.55,1.03,0.12,1.95,1.24,0.49,-0.36,-0.08,-0.09,1012.62
7.914,0.55,0.98,0.19,1.95,1.24,0.49,-0.36,-0.08,-0.09,1012.62
7.916,0.55,0.98,0.19,-0.66,0.42,-0.03,-0.36,-0.08,-0.09,1012.62
7.943,0.55,0.98,0.19,-0.66,0.42,-0.03,-0.36,-0.08,-0.09,1012.61
7.946,0.55,0.98,0.19,0.32,0.33,-0.18,-0.36,-0.08,-0.09,1012.61
7.947,0.55,0.98,0.19,0.32,0.33,-0.18,-0.35,0.07,-0.27,1012.61
7.95,0.35,0.89,0.11,0.32,0.33,-0.18,-0.35,0.07,-0.27,1012.61
7.95,0.26,0.86,0.05,0.32,0.33,-0.18,-0.35,0.07,-0.27,1012.61
7.986,0.26,0.86,0.05,0.32,0.33,-0.18,-0.40,0.21,-0.34,1012.61
7.989,0.30,0.93,0.18,0.32,0.33,-0.18,-0.40,0.21,-0.34,1012.61
7.991,0.34,0.97,0.22,0.32,0.33,-0.18,-0.40,0.21,-0.34,1012.61
7.993,0.34,0.97,0.22,0.44,0.30,-0.34,-0.40,0.21,-0.34,1012.61
8.021,0.34,0.97,0.22,0.44,0.30,-0.34,-0.40,0.21,-0.34,1012.62
8.03,0.34,0.97,0.22,-0.18,0.47,0.52,-0.40,0.21,-0.34,1012.62
8.031,0.34,0.97,0.22,-0.18,0.47,0.52,-0.35,0.00,-0.39,1012.62
8.032,0.29,0.90,0.24,-0.18,0.47,0.52,-0.35,0.00,-0.39,1012.62
8.033,0.21,0.85,0.29,-0.18,0.47,0.52,-0.35,0.00,-0.39,1012.62
8.07,0.21,0.85,0.29,-0.18,0.47,0.52,-0.35,0.00,-0.39,1012.62
8.072,0.21,0.85,0.29,-0.18,0.47,0.52,-0.16,-0.19,-0.34,1012.62
8.073,0.19,0.91,0.36,-0.18,0.47,0.52,-0.16,-0.19,-0.34,1012.62
8.074,0.21,0.95,0.29,-0.18,0.47,0.52,-0.16,-0.19,-0.34,1012.62
8.075,0.21,0.95,0.29,-1.09,0.13,1.43,-0.16,-0.19,-0.34,1012.62
8.106,0.21,0.95,0.29,-1.09,0.13,1.43,0.01,-0.39,-0.26,1012.62
8.108,0.21,0.95,0.29,-1.01,0.10,1.45,0.01,-0.39,-0.26,1012.62
8.109,0.21,0.94,0.25,-1.01,0.10,1.45,0.01,-0.39,-0.26,1012.62
8.11,0.22,0.93,0.19,-1.01,0.10,1.45,0.01,-0.39,-0.26,1012.62
8.133,0.22,0.93,0.19,-1.01,0.10,1.45,0.01,-0.39,-0.26,1012.61
8.143,0.22,0.93,0.19,-1.01,0.10,1.45,0.04,-0.39,-0.17,1012.61
8.144,0.22,0.93,0.19,-0.81,0.34,0.21,0.04,-0.39,-0.17,1012.61
8.144,0.24,0.92,0.11,-0.81,0.34,0.21,0.04,-0.39,-0.17,1012.61
8.145,0.23,0.92,0.14,-0.81,0.34,0.21,0.04,-0.39,-0.17,1012.61
8.182,0.23,0.92,0.14,-0.81,0.34,0.21,-0.03,-0.47,-0.10,1012.61
8.187,0.23,0.92,0.14,-0.81,0.34,0.21,-0.03,-0.47,-0.10,1012.61
8.19,0.23,0.92,0.14,-0.25,0.69,0.23,-0.03,-0.47,-0.10,1012.61
8.192,0.28,1.00,0.19,-0.25,0.69,0.23,-0.03,-0.47,-0.10,1012.61
8.193,0.33,0.99,0.21,-0.25,0.69,0.23,-0.03,-0.47,-0.10,1012.61
8.226,0.33,0.99,0.21,-0.25,0.69,0.23,0.01,-0.39,-0.17,1012.61
8.228,0.30,0.87,0.21,-0.25,0.69,0.23,0.01,-0.39,-0.17,1012.61
8.229,0.29,0.86,0.22,-0.25,0.69,0.23,0.01,-0.39,-0.17,1012.61
8.23,0.29,0.86,0.22,-0.21,0.65,0.27,0.01,-0.39,-0.17,1012.61
8.251,0.29,0.86,0.22,-0.21,0.65,0.27,0.01,-0.39,-0.17,1012.59
8.264,0.29,0.86,0.22,-0.21,0.65,0.27,0.03,-0.20,-0.22,1012.59
8.265,0.25,0.95,0.21,-0.21,0.65,0.27,0.03,-0.20,-0.22,1012.59
8.266,0.21,0.97,0.20,-0.21,0.65,0.27,0.03,-0.20,-0.22,1012.59
8.266,0.21,0.97,0.20,-0.12,-0.12,0.63,0.03,-0.20,-0.22,1012.59
8.324,0.21,0.97,0.20,-0.72,0.44,0.40,0.03,-0.20,-0.22,1012.59
8.329,0.21,0.97,0.20,-0.72,0.44,0.40,0.04,-0.15,-0.18,1012.59
8.33,0.21,0.97,0.20,-0.72,0.44,0.40,0.04,-0.15,-0.18,1012.60
8.331,0.21,0.95,0.19,-0.72,0.44,0.40,0.04,-0.15,-0.18,1012.60
8.333,0.22,0.93,0.18,-0.72,0.44,0.40,0.04,-0.15,-0.18,1012.60
8.366,0.22,0.93,0.18,-0.72,0.44,0.40,0.05,-0.14,-0.11,1012.60
8.367,0.22,0.93,0.17,-0.72,0.44,0.40,0.05,-0.14,-0.11,1012.60
8.368,0.22,0.94,0.20,-0.72,0.44,0.40,0.05,-0.14,-0.11,1012.60
8.369,0.22,0.94,0.20,-0.68,0.42,0.43,0.05,-0.14,-0.11,1012.60
8.371,0.22,0.94,0.20,-0.68,0.42,0.43,0.05,-0.14,-0.11,1012.61
8.383,0.22,0.94,0.20,-0.68,0.42,0.43,0.05,-0.10,-0.06,1012.61
8.385,0.25,0.95,0.17,-0.68,0.42,0.43,0.05,-0.10,-0.06,1012.61
8.387,0.26,0.95,0.19,-0.68,0.42,0.43,0.05,-0.10,-0.06,1012.61
8.388,0.26,0.95,0.19,-0.46,0.31,0.37,0.05,-0.10,-0.06,1012.61
8.423,0.26,0.95,0.19,-0.27,0.36,0.43,0.05,-0.10,-0.06,1012.61
8.427,0.26,0.95,0.19,-0.27,0.36,0.43,0.08,-0.06,-0.09,1012.61
8.429,0.26,0.95,0.19,-0.27,0.36,0.43,0.08,-0.06,-0.09,1012.61
8.431,0.24,0.95,0.18,-0.27,0.36,0.43,0.08,-0.06,-0.09,1012.61
8.433,0.24,0.95,0.18,-0.27,0.36,0.43,0.08,-0.06,-0.09,1012.61
8.46,0.24,0.95,0.18,-0.27,0.36,0.43,0.10,0.00,-0.11,1012.61
8.463,0.24,0.96,0.17,-0.27,0.36,0.43,0.10,0.00,-0.11,1012.61
8.465,0.20,0.94,0.15,-0.27,0.36,0.43,0.10,0.00,-0.11,1012.61
8.467,0.20,0.94,0.15,-0.23,0.34,0.46,0.10,0.00,-0.11,1012.61
8.481,0.20,0.94,0.15,-0.23,0.34,0.46,0.10,0.00,-0.11,1012.60
8.5,0.20,0.94,0.15,-0.23,0.34,0.46,0.10,-0.03,-0.07,1012.60
8.501,0.19,0.93,0.17,-0.23,0.34,0.46,0.10,-0.03,-0.07,1012.60
8.501,0.22,0.94,0.16,-0.23,0.34,0.46,0.10,-0.03,-0.07,1012.60
8.502,0.22,0.94,0.16,-0.53,0.27,0.31,0.10,-0.03,-0.07,1012.60
8.54,0.22,0.94,0.16,-0.53,0.27,0.31,0.10,-0.02,-0.00,1012.60
8.542,0.22,0.94,0.16,-0.39,0.29,0.37,0.10,-0.02,-0.00,1012.60
8.544,0.22,0.94,0.16,-0.39,0.29,0.37,0.10,-0.02,-0.00,1012.57
8.545,0.22,0.95,0.17,-0.39,0.29,0.37,0.10,-0.02,-0.00,1012.57
8.546,0.24,0.96,0.17,-0.39,0.29,0.37,0.10,-0.02,-0.00,1012.57
8.579,0.24,0.96,0.17,-0.39,0.29,0.37,0.12,0.01,-0.00,1012.57
8.581,0.23,0.95,0.15,-0.39,0.29,0.37,0.12,0.01,-0.00,1012.57
8.582,0.22,0.94,0.16,-0.39,0.29,0.37,0.12,0.01,-0.00,1012.57
8.584,0.22,0.94,0.16,-0.38,0.28,0.41,0.12,0.01,-0.00,1012.57
8.601,0.22,0.94,0.16,-0.38,0.28,0.41,0.12,0.01,-0.00,1012.57
8.626,0.22,0.94,0.16,-0.38,0.28,0.41,0.13,0.01,-0.00,1012.57
8.628,0.23,0.95,0.16,-0.38,0.28,0.41,0.13,0.01,-0.00,1012.57
8.629,0.24,0.95,0.13,-0.38,0.28,0.41,0.13,0.01,-0.00,1012.57
8.63,0.24,0.95,0.13,-0.38,0.28,0.35,0.13,0.01,-0.00,1012.57
8.66,0.24,0.95,0.13,-0.38,0.28,0.35,0.11,0.05,-0.02,1012.57
8.662,0.24,0.95,0.13,-0.18,0.29,-0.00,0.11,0.05,-0.02,1012.57
8.663,0.24,0.95,0.13,-0.18,0.29,-0.00,0.11,0.05,-0.02,1012.57
8.664,0.23,0.96,0.12,-0.18,0.29,-0.00,0.11,0.05,-0.02,1012.57
8.664,0.26,0.94,0.11,-0.18,0.29,-0.00,0.11,0.05,-0.02,1012.57
8.696,0.26,0.94,0.11,-0.18,0.29,-0.00,0.08,0.09,-0.05,1012.57
8.697,0.20,0.98,0.15,-0.18,0.29,-0.00,0.08,0.09,-0.05,1012.57
8.698,0.19,0.95,0.16,-0.18,0.29,-0.00,0.08,0.09,-0.05,1012.57
8.698,0.19,0.95,0.16,-0.16,0.28,0.02,0.08,0.09,-0.05,1012.57
8.723,0.19,0.95,0.16,-0.16,0.28,0.02,0.08,0.09,-0.05,1012.58
